apartment_name,x,y
개포2차현대아파트(220),14143486.529290225,4506430.637838289
개포6차우성아파트1동~8동,14143904.86793663,4505703.113189906
개포우성3차,14143811.38182826,4506783.098090032
개포자이(12-2),14146105.108804103,4508511.720753398
개포주공1단지,14144430.629891645,4506012.821206791
개포주공3단지,14145073.55561072,4506805.641921166
개포주공4단지,14145519.879977103,4507000.037130266
개포주공5단지,14145202.474713001,4507291.264931273
개포주공6단지,14145553.253560442,4507467.26253245
개포주공7단지,14145553.253560442,4507467.26253245
개포현대200동,14143439.964347225,4506464.122806221
개포현대6차,14142703.29648495,4506208.660596713
경남1,14143606.487173501,4506859.3853756655
경남2차,14143606.487173501,4506859.3853756655
그린빌리지,14143405.744735759,4505273.907989496
뉴현대파크빌,14143676.061855245,4505498.502473041
리치타운,14143183.30612925,4505855.041369909
삼익대청아파트,14145947.669648271,4508214.454012003
상지리츠빌,14144284.868150402,4507248.602267116
새롬(1164-12),14143469.619859572,4505270.625792522
새롬(1164-13),14143485.73892184,4505283.866798574
새롬(1164-14),14143501.869116057,4505297.107821351
성원대치2단지아파트,14145947.669648271,4508214.454012003
시영,14143591.915452164,4506009.033789573
쌍용,14143502.603824694,4506384.44362786
우성8,14144520.743019436,4507372.339903861
"우성9차아파트901동,902동",14143949.139698114,4506902.860118015
우찬현대(1260-4),14143044.64657152,4506163.098609887
주공2,14144757.47504856,4506344.870796252
포이벨리,14143720.756630804,4505471.136250254
포이현대빌라트,14143558.653188307,4505399.347595276
현대,14144251.394379515,4506829.44837171
현대1차101동~106동,14143634.461761538,4506600.616890769
현대2,14143281.02237827,4506574.327963822
현대3,14144361.40030032,4507331.697119873
e-편한세상,14140777.157599654,4509994.714881189
거평프리젠,14140653.759944107,4509925.687740784
경남논현,14141830.106399167,4510530.795782156
그랑디오스,14142344.736405108,4510613.972804254
논현동월드메르디앙,14141377.781912234,4510929.299286684
논현동한화꿈에그린,14140960.779099721,4509989.438547837
논현라폴리움,14141893.068703163,4511002.627491711
논현베르빌,14141219.541256066,4510820.578010613
논현아트빌,14141169.402957413,4510781.956757572
논현웰스톤,14141810.836995315,4511621.467819836
논현파라곤,14142045.064335894,4511354.61002228
논현프라임아파트,14140729.23455887,4509973.79198982
논현한가람빌라트,14141752.739353072,4511667.474600449
동부센트레빌,14141769.12558211,4510485.074663442
동양파라곤,14141822.347430665,4511101.6389256995
동현아파트1~6,14141649.167698834,4511747.951864963
두산위브1단지,14141893.347001892,4510933.116550911
두산위브2단지,14141848.418455403,4510790.980533231
로체샤르캐슬,14141681.450351167,4511442.368912594
리더스빌,14141197.188302312,4510184.131395651
마블하우스,14142291.55908436,4510769.691171393
마일스디오빌,14140793.63288429,4510980.172867216
브라운스톤,14140271.065798659,4510898.157760281
비쥬힐,14140619.56259654,4511113.848763393
삼성빌라트,14141063.538121674,4511341.305204336
세호시티라이프,14140279.993621822,4510492.610635202
신동아(22),14140101.348102998,4511096.895337425
아크로힐스논현,14141914.94298311,4510368.513377277
요진보네르,14140133.096421774,4510862.820169184
우민,14141735.618415382,4511534.675834626
은탑리더스카운티,14140239.874077339,4510877.387438122
이움빌라,14141374.831945729,4510329.977990542
제이빌,14141800.584470209,4511564.696460949
지고하임(101동),14140218.790165786,4510933.804219982
지고하임(102동),14140209.461592462,4510958.293688783
"청학아파트에이동,비동,씨동",14141164.42697617,4511879.714720748
테크노빌라트,14142054.637812104,4510610.534564339
토미빌(228-9),14141342.337786365,4510289.337765407
학동,14141340.322903577,4510800.102553854
한양빌라트,14141062.124364134,4511423.534302272
한양수자인어반게이트,14141308.763827939,4510395.120558787
한진로즈힐,14141712.953767058,4511939.252762862
한화꿈에그린2차,14140997.993205491,4510110.556327015
현대넥서스A동,14141670.229346495,4510657.7157346755
현대인텔렉스,14141619.144832168,4510662.978370955
힐타워,14140151.4975336,4510780.469168551
개포우성1,14144243.078813557,4507785.48267751
개포우성2,14143947.84839202,4507745.595900029
국제,14144362.357647937,4508458.193316361
대우아이빌멤버스(891-26),14143560.768258635,4509681.858165322
대우아이빌명문가(891-23),14143535.376282785,4509744.807637729
대치동우정에쉐르1,14143611.529946435,4509669.397414027
대치동우정에쉐르2(890-42),14143427.830522727,4509637.43172567
대치삼성,14144077.802765574,4508524.629114656
대치아이파크,14143651.193081003,4508335.088264164
"대치우성아파트1동,2동,3동,5동,6동,7동",14145267.819254104,4509064.226872556
대치주성,14144276.964466553,4509254.075581837
대치타워,14144034.17665713,4509274.604144314
대치한신휴플러스,14143320.206839029,4509226.980186045
대치현대,14144364.305739027,4509148.584943077
대치효성,14144387.226422187,4509022.202438526
도성,14144068.88607436,4509191.942898281
동민맥스빌A동,14143750.412143152,4508722.620113393
동민맥스빌B동,14143797.244252924,4508753.0115227215
동양,14143432.594996933,4508993.74659026
래미안대치팰리스,14144032.907614935,4508230.855586717
래미안대치하이스턴,14144862.527252022,4509178.261970712
롯데캐슬,14143861.631446403,4509699.216241097
롯데캐슬리베,14143589.377367768,4508500.888966873
미도맨션3차,14144446.236884255,4508263.75702657
삼성3차,14144268.481921356,4508690.811655199
삼환SOGOOD,14143784.48703928,4508694.122985559
상지리츠빌카일룸(1009-4),14145152.737164523,4509253.163514037
선경1차(1동-7동),14144539.700728726,4507925.655810636
선경2차(8동-12동),14144539.700728726,4507925.655810636
선경3차,14144359.964278888,4508213.976977708
선릉역대우아이빌(890-49),14143316.689143125,4509662.872364363
선릉역풍림아이원레몬,14143305.913416412,4509629.068462461
세연파크뷰,14144087.498693224,4509044.512551129
세영팔레스타운,14144495.941036891,4509138.07522626
신성미소시티,14143832.376684222,4509421.0414547175
쌍용대치2,14145418.323205654,4508957.34903506
"쌍용대치아파트1동,2동,3동,5동,6동",14145500.52151766,4508762.131768942
아름빌(889-74),14143202.642324802,4509504.995466001
우정에쉐르,14144510.880112555,4509998.195017407
은마,14144845.439710189,4508668.5303577855
청원,14143799.97158045,4508824.486403463
테헤란로대우아이빌(891-6),14143588.9988815,4509829.844752571
포스코더샵,14143927.833147574,4509587.589020787
풍림아이원1차101동(910-3),14143650.925914232,4509247.859490542
풍림아이원1차103동(910-5),14143706.18490946,4509272.695814187
풍림아이원2차201동,14143667.412330817,4509212.106513329
풍림아이원2차202동,14143699.583663661,4509227.864188015
풍림아이원3차(1007-1),14144996.099509027,4509686.965955047
풍림아이원4차(1007-2),14144999.35003816,4509628.619428383
풍림아이원아파트,14143678.210321423,4509259.169131182
하이캐슬,14144681.4327044,4509109.50681033
하이캐슬102동,14144631.427989136,4509089.006634526
한보미도맨션1,14145070.839415144,4508102.968881644
한보미도맨션2,14145070.839415144,4508102.968881644
한양팰리스,14144227.07107078,4508916.924604796
한티(933-35),14143954.449637827,4508898.599662794
해암프리존,14144811.832355913,4509479.835852994
현대1,14144841.153909791,4509016.954657935
SK허브프리모,14141406.25743797,4506970.408357168
경남,14142118.33482473,4507471.331065157
그랜빌캐슬,14142562.755627822,4507459.630530527
대림,14142017.189935397,4507144.675004449
대림아크로빌,14143262.175988484,4507364.932439595
대명비발디,14141394.190405171,4507505.352478076
대우디오빌,14141308.808355737,4507134.251471119
도곡1차아이파크,14142386.93762407,4507926.876423672
도곡2차I-PARK,14141706.263465662,4507513.938518086
도곡3차아이파크,14141784.788234469,4507606.828135993
도곡그린빌,14141564.720733117,4507087.56314756
도곡렉슬,14143203.911367003,4508123.509219246
도곡스타클래스,14141556.894972917,4506947.387194984
도곡쌍용예가,14141819.375200253,4507345.712338936
도곡우성아파트,14141707.988917772,4507376.226018833
도곡지웰카운티101동,14142431.487684283,4507119.605231842
도곡푸르지오,14141265.972615678,4507354.256160354
도곡푸르지오102동,14141239.845931191,4507316.349143725
도곡현대힐스테이트102동,14142653.748179603,4507281.795235807
럭키(462),14142728.198655043,4507091.6175039485
럭키(963),14142028.31075253,4507692.367000479
롯데캐슬모닝,14141662.971315693,4507663.115071429
매봉삼성,14143007.488125492,4507509.883998316
삼성,14142734.109720003,4507437.239615783
삼성래미안,14143214.920864638,4507597.175770652
삼익,14142263.005634967,4507754.869597323
삼호,14142699.32237913,4508127.269340051
아카데미스위트1,14143376.21167485,4507442.177958783
우성4,14143083.296698723,4506990.006546661
우성리빙텔,14143427.12920994,4507410.331299076
우성사원5,14142872.85833333,4507063.994601686
우성캐릭터199,14143351.610067386,4507140.227816014
우성캐릭터빌,14143259.29281367,4507219.281431252
울트라멤버스,14142783.35746273,4507309.124098748
원팰리스,14141364.802059602,4507100.960767206
조이너스도곡,14141485.683894653,4507209.910004359
중명하니빌,14141910.824161943,4507056.67152858
타워팰리스1,14143636.164949749,4507379.0739668235
타워팰리스2,14143641.964695219,4507587.495355038
타워팰리스3,14143457.040757116,4507254.9153764825
파크힐,14141697.947899695,4507606.337099751
포스코트,14142876.810175251,4507335.653365999
하이페리온,14141483.758067463,4507455.253355462
한신(개포),14143019.443838809,4507192.752458576
한신엠비씨,14142054.526492614,4507327.909226047
현대그린1,14141958.736070786,4507462.927442443
현대비젼21,14143289.638506856,4507258.675185643
현대아파트1동~3동,14141808.176459488,4507483.452496106
현대파크빌라,14142537.708742399,4507296.6942272
현대향목빌라트,14142670.11214475,4507431.992628895
힐데스하임빌라,14142589.527965363,4507367.289359475
LG선릉에클라트(A),14143238.587388378,4509952.209601058
LG선릉에클라트(B),14143246.969746035,4509897.496059226
SM드림빌,14142679.563169513,4510907.93947356
강변삼부아파트,14144871.599790525,4511426.537732646
골든빌(99-1),14144813.457620483,4511527.181217633
금호어울림,14144787.163956758,4511398.917433443
대우멤버스카운티(101동),14144765.033641983,4511576.162987497
대우멤버스카운티301,14142510.802821469,4510835.860951304
동구싼타빌,14144507.829958502,4511161.004132267
동일파크스위트,14144898.483447548,4511312.267638212
래미안삼성1차(103-22),14144698.130628023,4511436.488356257
래미안삼성1차(105-0),14144558.6807019,4511236.5233364105
래미안삼성1차(201동),14144710.453695651,4511360.729121439
래미안삼성2차,14142412.44091941,4511297.924317228
레미안삼성1차(101동),14144572.784881387,4511312.0851888005
롯데캐슬프레미어,14142558.269452352,4511174.968337305
미켈란107,14144302.567949433,4511121.357118929
블루밍하우스,14143394.924481247,4511476.768128106
삼부아그레빌,14144717.010413658,4511537.763506109
삼부아파트(101동),14144828.240848858,4511416.797639145
삼부아파트102동,14144797.694780584,4511479.027729653
삼성더파크뷰,14142812.667884659,4510505.0723657645
삼성동대성유니드,14143594.89881451,4510224.532649701
삼성동드림하우스,14143091.623396639,4510921.552490031
삼성동라테라스,14144896.668939855,4511215.752343241
삼성동롯데아파트,14142996.589947347,4511525.482999923
삼성동롯데캐슬킹덤,14142897.237301815,4510873.219344651
삼성동브라운스톤레전드,14142293.68528663,4511214.376968117
삼성동신도브래뉴,14143523.064347107,4510489.902175456
삼성동신영지웰,14143014.178426888,4510639.542117726
삼성동씨엘케이,14142517.270483885,4511484.964449083
삼성동에스케이뷰,14144812.533668708,4511329.474035487
삼성동중앙하이츠빌리지,14142723.434180837,4511275.693611974
삼성동한솔아파트,14142642.727550011,4511471.869987296
삼성동헤렌하우스2(82-1),14144371.341130849,4511760.611581633
삼성동힐스테이트 1단지,14142970.77495743,4511320.379622964
삼성리치빌1,14143269.801373605,4511633.790543573
삼성벨라스빌,14142676.735654455,4511043.509066034
삼성아셈,14143699.861962382,4510671.202122541
삼성오네뜨,14143631.155572664,4510379.501461448
삼성파크,14143570.887200344,4510327.578304362
삼성팰리스(71-16),14143514.81557284,4511054.427687205
삼성펠리스,14143636.287401188,4510267.460029937
삼성풍림2차아파트,14144501.406823892,4511298.120800946
상아3,14143245.901078928,4511233.772580897
상아빌라트,14143106.918694671,4510865.107706221
상아아파트,14143141.605848003,4511492.304652935
상지리츠빌카일룸(65-4),14143335.33515783,4511392.040439375
서광아파트,14142335.096137207,4511420.909810081
석탑아파트101동,14142569.646304306,4511480.03823485
시티(A동),14144695.058210071,4511699.348239029
시티(B동),14144729.778759252,4511665.8325001635
쌍용플래티넘,14143347.780676905,4510761.03229369
아셈,14144488.504894909,4511156.779788483
아이파크,14144182.977420475,4511598.506610179
영무예다음,14143403.919096109,4510489.088234318
우림루미아트,14143602.490803782,4510971.752395444
우정에쉐르2,14143681.327267159,4510022.261313634
월성빌라트,14144432.288552057,4511298.331319217
이안애2차,14143570.174755607,4510174.953779252
이안애빌,14143522.80831227,4510237.008094475
진흥아파트,14143379.996537533,4511659.0816461425
채널리저브,14143744.256175306,4510156.023216691
청구아파트,14144073.973375093,4511807.573369382
푸른솔아파트1동,14142707.036819842,4511528.935575062
풍림,14143623.051513735,4510157.805410521
풍림(1차),14144444.344452906,4511216.355824215
한일,14143129.394099858,4510994.403479902
현대2차,14143787.592853073,4511738.92726475
현대빌라트,14143324.737542305,4510724.586496318
현대삼성동1차,14143700.10686526,4511712.709652264
현대아파트101동,14142551.022553492,4511387.324788911
현대타워(13층-27층),14143475.998466399,4509896.962817598
현대힐스테이트2단지,14143309.330924775,4510977.267803689
형우빌라,14143437.938332487,4511508.697325619
호산프라자,14142471.596096817,4510570.117787896
홍실아파트,14144215.727614667,4511834.521053381
강남데시앙파크,14148840.88547789,4503460.5945855975
강남신동아파밀리에1단지,14148764.6093628,4504013.297333956
강남신동아파밀리에2단지,14149015.256328274,4504004.91050772
세곡리엔파크(3단지),14149199.601405028,4503950.396300692
세곡푸르지오,14147924.803992305,4504371.00592483
강남데시앙포레,14147686.168399889,4506366.081029851
까치마을,14147331.348654937,4506890.304470452
동익,14148320.400066737,4506972.919504669
수서한아름,14149106.104164701,4507554.273359025
신동아,14148534.756878208,4507218.341482369
강남상가,14139879.054211836,4511666.379866896
금광아크존(635-14),14141431.54922628,4512758.222918676
뉴현대,14140209.784418982,4512339.213458348
대성아파트,14140288.821257446,4511765.804596221
래미안신사,14139762.057427008,4511856.907333182
로데오현대,14141722.13762505,4512817.35889487
리갈팰리스,14140996.55718406,4512365.123847783
신사동닛시빌라트,14141402.149748769,4512681.0785535835
신사동씨티빌,14139878.052336413,4511987.338189645
신사아이빌(522),14139800.985852938,4511941.765101641
신사아크존2,14140996.75755914,4512525.935320387
신사파크빌A동,14140498.268879373,4511877.51117406
신사파크빌B동,14140530.729642887,4511895.181666613
신성아파트101동,14141129.29454488,4512714.415068109
압구정대원칸타빌아파트,14141720.757263359,4512886.152436249
압구정케이씨씨(622-1),14141188.227083307,4512698.918839313
압구정하이츠파크,14141329.613968562,4512368.632843694
압구정화이트빌,14140813.470017549,4512086.751930591
우찬,14140231.391532142,4512358.007607678
유로미아파트A동,14140138.651264358,4512314.720760219
장자울아파트,14140886.874089781,4512188.089512058
진흥아마란스,14141028.795308594,4512370.990889613
토미,14140890.859327551,4512152.466854336
하야트빌,14140224.088973548,4512097.390927006
한양아파트,14140458.717064288,4512108.24046878
현대아인빌,14140504.5806945,4512366.218654381
미성1차,14139814.36645573,4512583.694429763
미성2차,14139609.638780218,4512392.887055606
신현대11차,14140295.544954684,4512899.487290487
신현대12차,14140261.00251669,4513091.988331048
신현대9차,14140302.090540748,4512712.393819574
한양1차(영동한양),14141897.354503553,4513286.7388653215
한양2,14142086.7089574,4513217.774246439
한양3,14141826.533043515,4513123.95052791
한양4,14141681.762045737,4513369.909705048
한양5,14142261.992627602,4513093.92543111
한양6,14141590.958737094,4513213.282367624
한양7,14142483.729921315,4513120.595685799
한양8(81동한개동),14142227.20528673,4513238.338653754
"현대10차(201,202동)",14140368.581672598,4513395.766495673
현대13차(208~211동),14140620.419756617,4513275.045870278
"현대14차(203,204,205,206동)",14140486.880895462,4513330.156066824
"현대1차(12,13,21,22,31,32,33동)",14140686.30976322,4513667.477218637
"현대2차(10,11,20,23,24,25동)",14140686.30976322,4513667.477218637
현대3차(61~64동),14140578.485704433,4513419.307179805
현대4차저층(51~56동),14140990.156313341,4513576.302577108
"현대5차(71,72동)",14140757.198014956,4513519.913669646
현대65동(대림아크로빌아파트),14140795.091169622,4513233.355466023
"현대6차(78~81,83,84,86,87동)",14140795.091169622,4513233.355466023
"현대7차(73~77,82,85동)",14140795.091169622,4513233.355466023
현대8차(성수현대:91~95동),14141522.98705602,4513413.06054111
(828-21),14141252.391637798,4508692.200730097
(828-76),14141261.152481731,4508668.782916307
강남서해더블루,14141931.284684356,4508049.962649994
강남역우정에쉐르,14141168.991075303,4508808.715304228
강남한솔,14141782.728823889,4508022.926488461
개나리4,14142645.332426097,4509261.386158943
개나리SK뷰,14143128.837502409,4509230.768766433
개나리래미안,14142744.651675787,4508832.17552451
개나리푸르지오,14143140.770951819,4508993.297583412
갤러리아트,14142446.894301806,4508227.362007059
갤러리하우스,14142407.264563087,4508249.165330475
거평빌라트,14141753.66330484,4507937.146414861
경남아너스빌,14142286.460651677,4509112.032502117
경일역삼,14142248.044295404,4508492.4283952955
공간쉐르빌,14142422.771368157,4508218.4246218335
네스빌(728-10),14142037.505742464,4508778.828855664
노블스위트,14141733.458817262,4508483.897676637
노블카운티,14141783.663907614,4507989.366389129
대림역삼,14142740.388139289,4508508.872497568
대우디오빌플러스,14141041.49686249,4508693.43546349
래미안그레이튼,14142937.145339262,4508541.2276069
래미안그레이튼(진달래2차),14142836.968929496,4508352.416047623
래미안펜타빌,14142868.694984373,4509130.512165541
로얄빌리지,14141420.528596696,4509245.249575201
롯데캐슬노블,14141558.687216718,4507952.705751281
리츠빌,14142326.99207827,4508135.883950265
명인갤러리,14142308.257007975,4508823.840966554
명인갤러리2차,14142285.391984563,4508703.804423546
베스젠빌,14140969.150325429,4509424.689784866
브라운스톤역삼,14141791.133445445,4508429.542569883
상지리츠빌(1호라인),14142705.36702748,4508550.179298336
상지리츠빌(2호라인),14142694.947523143,4508577.988520192
상지리츠빌역삼2차,14142743.249050196,4508568.728125302
성영forU,14142269.807255853,4510317.965531891
세방하이빌1,14142344.769800957,4508654.822051626
세방하이빌2,14142361.846210841,4508617.499630339
쌍용플레티넘밸류,14140961.669655647,4508386.861240732
쎄비앙101동,14142344.2354674,4508447.403677369
쎄비앙102동,14142352.729144547,4508424.421362432
에스케이허브젠,14141029.285114352,4508142.590443255
역삼2차아이파크,14143321.386825632,4508578.732158318
역삼I'PARK,14142674.965674546,4508936.70884309
역삼동골든베리힐,14141543.313995037,4509691.877293667
역삼동그린비,14141921.956111025,4509984.316577841
역삼동우정에쉐르1,14140935.765610132,4508514.007777115
역삼동월드메르디앙,14141854.485367652,4508015.799167408
역삼동칼라,14141416.732602056,4509690.053081909
역삼동프라임,14141977.059258964,4509779.846774535
역삼동하나빌,14142177.189439509,4510318.933825361
역삼디오슈페리움,14141014.713393006,4507940.036605451
역삼래미안,14143148.541052278,4508683.880314529
역삼르비앙1,14141509.305890601,4507879.174410768
역삼엔스위트1,14141879.098107066,4509968.206946069
역삼엔스위트102동,14141900.527109046,4509976.247726079
역삼예명,14141857.413070265,4509730.354203343
역삼우정에쉐르2,14142681.232961874,4509408.230213147
역삼이안애비,14142153.934797887,4508366.418601265
역삼이안애에이,14142131.080906425,4508357.775740292
역삼푸르지오,14142785.0049912,4508717.358451756
예지인,14141263.72396196,4508528.810304645
예지향,14142186.284241918,4508749.840485128
요진와이시티미니,14141950.47616456,4508686.88295952
우림루미아트1,14142444.534328599,4509340.119012248
우림루미아트2,14142425.276056696,4509332.668061024
우성빌라트,14141937.195749316,4508245.054404378
우정에쉐르3,14142607.91794524,4509382.930512667
우정에쉐르멤버스,14142958.763584372,4509469.887087943
은하수,14142882.75463606,4508635.529430037
정원,14141367.11750501,4508549.716279626
조이너스,14141732.612789135,4508450.757023018
지석천평대,14141546.720371459,4508212.728270391
진넥스빌2,14142470.171207335,4509280.651869295
탑팰리스,14142160.402460303,4508968.868833575
트레벨,14143189.105874721,4508490.071222339
포스틸빌라트,14141474.16232736,4508656.968796443
풍림지오빌,14140810.709294181,4509152.008671526
프리마빌,14141961.329814915,4508658.091277568
프리우스역삼101동,14141036.832575824,4509211.573306588
프리우스역삼102동,14141059.26345322,4509216.287977675
한스빌(836),14141250.042796541,4507906.364531513
한화진넥스빌,14142502.019713651,4509306.27405609
현대이스트빌,14142146.376204465,4508820.936500942
강남한신휴플러스6단지,14149317.076863658,4504489.898872925
강남한신휴플러스8단지,14149872.171504501,4504833.541715313
가람,14147080.59036998,4506567.398022877
개포한신,14146403.94597714,4507806.00836293
대우,14146332.734898884,4507659.284968777
목련타운,14147069.814643268,4506906.451456845
상록수,14146593.08892395,4506522.31143395
샘터마을,14146771.945949804,4506824.903117105
수서,14147625.877763677,4507998.640302153
우성7,14146295.587584797,4507949.577046068
푸른마을아파트101동~111동,14146577.526459139,4506767.540489979
한솔마을,14146204.817672003,4506488.321268151
현대4,14146226.491576869,4507763.175245436
현대사원,14146492.867986385,4507689.897769738
래미안강남힐즈,14148049.069939878,4505402.433459351
래미안포레,14149802.797197837,4505505.473787753
강변상지리츠빌,14143210.100730691,4512956.181665618
골든아트빌,14142802.036873285,4511825.7911189925
구산,14143578.868807841,4512777.565244891
뉴현대리버빌,14143785.288539622,4512424.931334915
대우로얄카운티2,14142871.711742576,4512688.784542667
대우리츠카운티,14142979.257502627,4512776.217737697
대우유로카운티,14143121.501547966,4512363.186882539
래미안청담로이뷰,14143824.717903253,4512507.8286420945
마크힐스웨스트윙,14143728.125981089,4512516.727579296
마크힐스이스트윙,14143740.315465335,4512482.900429249
목화,14143128.75957876,4512972.54855644
범신칼릭스빌,14143238.921346854,4512578.809807451
빌폴라리스,14143551.88496327,4512625.480501678
삼성청담공원아파트,14143202.441949721,4512178.58731767
삼성청담아파트,14142335.997825082,4511545.258130671
삼호빌라B동,14143024.787174363,4512919.082538685
삼호빌라씨동,14143018.586678732,4512979.524846157
삼환아파트101동,14142874.194167215,4512060.898372216
상지리츠빌(127-16),14143418.546477202,4512691.577789655
상지리츠빌10차,14143090.721708763,4512687.4370468985
상지리츠빌4B,14142927.004133645,4512922.802271172
상지리츠빌5A,14143369.744012434,4512757.422837738
상지리츠빌5B,14143399.77801105,4512729.181423405
상지리츠빌6,14143171.328152042,4512933.091198485
상지리츠빌카일룸3차,14143522.34077042,4512588.677308319
상지카일룸,14143610.48354322,4512799.125383569
신동아빌라트,14142554.250818726,4512871.919252673
씨티1차102동,14143265.894059468,4512939.365624333
연세리버빌3,14142935.397623252,4513028.752036685
연세빌라(102-6),14142907.400771324,4513049.442404835
연세빌라(59-16),14143372.64945114,4512206.8693543915
영풍마드레빌,14142538.042700868,4511723.8394979425
이니그마빌2,14142346.996190768,4512590.909077229
청담(건영),14143393.455063973,4512885.941886054
"청담2차이-편한세상(201동,202동,203동)",14142630.248635095,4512035.353659527
청담2차이-편한세상(204동),14142582.058427531,4511925.8629898
청담2차이-편한세상(205동),14142718.458199594,4511946.649426809
청담3차이-편한세상(301동),14142657.610965926,4511639.979980899
청담4차이-편한세상,14142804.062888023,4511916.68384709
청담CJ빌리지,14143111.594113287,4512794.352953212
청담그랑빌,14143047.741253365,4511715.741235791
청담대림이-편한세상,14142902.858936097,4511909.694230054
청담대우로얄카운티5차,14143404.119471189,4512215.417141315
청담대우로얄카운티6차,14142705.678722057,4512954.735878035
청담대우멤버스카운티10차,14143210.189786281,4512774.224550292
청담대우멤버스카운티11차,14143140.347937759,4512701.290996037
청담대우멤버스카운티12차,14143260.127709854,4512772.427874647
청담대우멤버스카운티6차,14143230.906343516,4512831.170906091
청담대우멤버스카운티7차,14143276.525070842,4512844.365324067
청담대우멤버스카운티8차,14143243.66355716,4512872.42457247
청담동마크노빌,14142270.16347823,4512593.898806138
청담동삼성1차아파트,14142903.293082114,4511759.7694713995
청담동현대빌라트,14143026.022820707,4512777.747719837
청담매스터빌,14142491.544549566,4512901.775272446
청담범신칼릭스빌2차,14143338.285124335,4512784.1062718555
청담삼익아파트,14144165.255357545,4512304.867553404
청담스위트,14142846.386558417,4511734.379879722
청담신원아침도시마인,14143106.261909675,4512741.140502084
청담아르지움,14142940.863410253,4511809.103210004
청담아이파크,14143724.708472725,4512574.837544434
청담우방아파트,14142474.701910611,4511577.285781469
청담자이,14143944.453147557,4512344.434831774
청담파라곤Ⅱ1단지,14142762.03978024,4513055.043128889
청담파라곤Ⅱ2단지,14142817.465754714,4513048.894965801
청담현대3차아파트,14143486.161935907,4512811.224907922
한신오페라하우스,14142647.859378543,4511736.864099076
한신오페라하우스2차,14142624.393229876,4511683.179829
현대빌라(43-1),14142527.9794189,4511610.997726547
현대아파트,14142096.649787921,4512040.560845902
현대아파트(75-1),14143330.804454554,4511770.450241184
현대한강빌라,14143161.82146753,4512970.59744204
휴먼스타빌,14142704.164776977,4512358.119895451
아람손프라자/비바빌,14143389.480958153,4505204.266722802
우찬현대(1260-11),14143018.375171695,4506137.806742702
한림,14143598.839524481,4505376.5823624525
논현동프라임,14141232.142622422,4510178.840933841
더그레이스,14141379.974906202,4510859.002930576
두영,14141181.258483183,4510740.472750509
라이헤스빌,14141883.083344836,4511660.583394999
벨러스빌,14140097.997386325,4510843.509446982
스위트캐슬레지던스,14140236.423173126,4510800.397265421
우성,14140692.476863008,4510094.137776464
프라임,14140982.68677551,4511309.180033209
힐스빌7,14140127.096301217,4510892.263475481
대치하나빌,14144088.27792966,4508617.724125711
메트로,14143751.34722687,4509449.582656013
월드빌,14144527.010306772,4509960.432794655
도곡스타빌,14142308.713417884,4506804.309210446
래미안도곡카운티,14143202.94288743,4508339.746418519
벨라빌,14142542.217181776,4507164.189345725
월드메르디앙101동,14142430.018267002,4507226.66073437
월드메르디앙102동,14142467.855761927,4507198.644662466
필로스(193-45),14142510.32414766,4507207.665352456
한라비발디,14141937.718950924,4507311.523093712
네오블로썸,14142841.321521591,4510755.446830185
대우멤버스카운티(102동),14144735.411525484,4511598.197841197
대우멤버스카운티201,14142498.791448418,4510876.615568835
미켈란147,14143809.010723103,4510889.9338305
삼성그랑빌,14143701.509490851,4510564.392090512
삼성동헤렌하우스2(82-4),14144403.879818004,4511719.193873655
삼성루첸시아,14143448.035010312,4511456.235249443
삼성아트빌,14144527.667091768,4511165.3267183695
삼성웰피아,14143547.398787793,4510212.941304885
강남엘에이치1단지,14149027.189777683,4504373.0676407665
강남 더샵 포레스트,14148160.834708635,4506408.080785712
RudenHouse,14139983.160199624,4512044.645190667
압구정Ainvill,14140832.772817258,4512052.013857935
유로미아파트B동,14140144.384218138,4512267.897056647
(633-22)로얄팰리스,14141043.14439096,4509395.643499279
대명벨리온,14141928.724336062,4508744.326249473
리치타워,14140922.551986579,4509793.303967159
에레프,14141000.52015793,4508295.676432617
역삼열성카이스빌,14141364.367913585,4507916.536292443
역삼우성,14141040.550646823,4509312.770819876
역삼자이,14142528.858842876,4509094.212356409
한양럭스,14141424.502702516,4509634.176226446
현대까르띠에710,14142577.716967385,4509238.331899524
현대하이츠,14142262.37111387,4508512.12764715
현대휴먼터치빌,14141338.775562655,4509941.979732713
호정빌라트,14146822.685373705,4507715.936959546
대우로얄카운티3,14142931.245406251,4512667.505358914
대우멤버스카운티Ⅱ,14143306.503409717,4512205.578063706
상지리츠빌4A,14142937.75759646,4512958.862689719
씨티1차101동,14143302.507039998,4512928.402927486
씨티2차(201동),14143046.995412778,4513004.749014955
씨티2차(202동),14143008.456605066,4513016.385560723
씨티3차,14143091.48981325,4512983.918367013
연세리버빌,14142883.400289107,4513056.573151771
연세힐하우스(Ⅱ),14142898.205781382,4513018.069983376
연세힐하우스1,14142851.80781762,4513030.997936267
우성아파트,14142788.934569221,4512081.207866823
청담7상지리츠빌,14142814.25975338,4512930.957613818
청담8차상지리츠빌,14142984.823477175,4512639.37647789
청담대우멤버스카운티9차,14143263.834648889,4512803.0977316685
청담파크빌,14142998.782941315,4511708.84999858
"청담힐A동,진도B동",14142989.877382051,4512929.8346746955
에버그린,14144398.870440919,4506633.59738276
골든캐슬,14141902.809158605,4511793.285510894
논현빌라트,14142021.798562314,4511735.4044446945
월드쉐르빌,14140483.28527591,4510468.767793383
케럿스테이트,14142280.471663076,4510807.315972708
케이씨빌,14141888.693847176,4511705.593855487
현대넥서스B동,14141649.334678072,4510695.410302488
노빌리티빌리지,14144302.823984262,4508665.317252686
대치SKVIEW,14144293.907293055,4508437.708445566
삼성2차,14143980.88801689,4508614.1322003715
한티(933-0),14143934.879671346,4508890.110707413
현대썬앤빌테헤란,14143678.410696503,4509635.425103184
화인하이빌,14144537.964144666,4509934.991433332
PLUMHILLS,14142491.444362026,4507288.234627796
도곡지웰카운티102동,14142435.88480417,4507181.9080062695
로덴하우스웨스트빌리지,14142742.5922652,4506995.000794079
현대아이리스1,14141379.106614169,4507529.384990137
다우림하우스,14144444.622751635,4511691.783328798
대우멤버스카운티501,14142476.76132119,4510837.124005251
세방타운하우스,14143463.363704193,4511478.662825022
아델하우스,14143414.104829516,4511422.664149709
아펠바움,14144776.354834195,4511536.542472277
알파임하우스1,14141492.15155707,4512585.420891641
청림빌,14140329.386079889,4511931.7718917355
체리빌,14140257.306709599,4512372.675208446
대림빌라트,14140596.107579831,4513366.863605253
세종빌라트,14141895.061322045,4508216.053480092
이스턴오피스텔,14141304.700666528,4508825.566808818
테헤란아이파크,14142779.294301312,4509362.191258563
엘에이치강남아이파크,14148866.199530099,4505478.2337875925
삼호빌라A동,14143006.664361265,4512859.370485568
상지리츠빌카일룸2차,14143605.952839945,4512738.754299849
연세리버테라스,14142771.76910374,4513087.412284499
연세청담파크빌,14143308.15093818,4512168.3552745655
이니그마빌,14142426.177744571,4512616.735871553
청담디에브스아파트,14143053.284964006,4512243.741384961
청담린든그로브,14143546.27446093,4512229.088000586
우찬현대(1260-2),14143005.873992879,4506157.838233149
이산,14140994.36419009,4510043.450926345
청암빌라트,14143940.779604357,4507971.337701216
도곡하이빌,14141758.305327605,4507058.523339685
도곡현대힐스테이트101동,14142694.279606197,4507309.965851305
골든카운티,14142746.900329497,4511414.383669248
노블테라스,14142553.850068565,4510695.676943621
삼성동센트럴아이파크,14143270.024012584,4511193.0867456645
신동아듀크빌,14144850.259844135,4511469.582317734
뉴엠빌라트,14140843.147793803,4509066.289511889
동원스위트뷰역삼,14141722.22668064,4508612.729104871
에벤에셀빌라트,14142361.256217543,4510150.466141811
좋은사람좋은집,14142462.801857043,4509348.327693462
프리빌리지,14142173.883250635,4509019.915303882
현대트라움,14142839.284374904,4508563.831344038
래미안 개포 루체하임,14146465.539051395,4507530.324966921
엘지빌라,14142945.48316912,4513001.113474358
청담로얄카운티,14142943.980355997,4512721.292930627
디에이치아너힐즈,14145073.55561072,4506805.641921166
래미안블레스티지,14144748.224398877,4506393.814316703
논현인텔(9-2),14140569.524485428,4511511.967442334
도곡현대힐스테이트105동,14142627.432251979,4507305.350242283
로덴하우스이스트빌리지,14142785.806491528,4507042.179715084
리치아르떼빌,14142479.878266934,4507125.553510461
상지리츠빌카일룸,14142456.601361405,4507326.239747351
이니그마빌-III,14142412.296204071,4507260.0921289995
라테라스청담,14143198.545767542,4511803.292623881
효성빌라청담101(B동),14142754.0915686,4512954.469179377
